"Gene.Ontology.ID","Gene.name","Uniprot.ID"
"GO:0016874","aas","E1WAQ3"
"GO:0005524","aas","E1WAQ3"
"GO:0005886","aas","E1WAQ3"
"GO:0016740","aas","E1WAQ3"
"GO:0016021","aas","E1WAQ3"
"GO:0008654","aas","E1WAQ3"
"GO:0006631","aas","E1WAQ3"
"GO:0000166","aas","E1WAQ3"
"GO:0008152","aas","E1WAQ3"
"GO:0008779","aas","E1WAQ3"
"GO:0016020","aas","E1WAQ3"
"GO:0003824","aas","E1WAQ3"
"GO:0016740","aat","E1W6Y7"
"GO:0005737","aat","E1W6Y7"
"GO:0008914","aat","E1W6Y7"
"GO:0030163","aat","E1W6Y7"
"GO:0006633","accA","E1W8A4"
"GO:0000166","accA","E1W8A4"
"GO:0005737","accA","E1W8A4"
"GO:0016874","accA","E1W8A4"
"GO:0009317","accA","E1W8A4"
"GO:0005524","accA","E1W8A4"
"GO:0003989","accA","E1W8A4"
"GO:0016740","accA","E1W8A4"
"GO:0006631","accA","E1W8A4"
"GO:0016743","accA","E1W8A4"
"GO:2001295","accA","E1W8A4"
"GO:0006629","accA","E1W8A4"
"GO:0022857","acrA","E1W8Y5"
"GO:0005215","acrA","E1W8Y5"
"GO:0016020","acrA","E1W8Y5"
"GO:0003677","acrR","E1W8Y6"
"GO:0016301","adk","E1W8Z6"
"GO:0006139","adk","E1W8Z6"
"GO:0044209","adk","E1W8Z6"
"GO:0009165","adk","E1W8Z6"
"GO:0000166","adk","E1W8Z6"
"GO:0005524","adk","E1W8Z6"
"GO:0046940","adk","E1W8Z6"
"GO:0016310","adk","E1W8Z6"
"GO:0005737","adk","E1W8Z6"
"GO:0016740","adk","E1W8Z6"
"GO:0052689","aes","E1W8Z8"
"GO:0016787","aes","E1W8Z8"
"GO:0005737","aes","E1W8Z8"
"GO:0016491","ahpC","E1W9A9"
"GO:0005737","ahpC","E1W9A9"
"GO:0016209","ahpC","E1W9A9"
"GO:0006979","ahpC","E1W9A9"
"GO:0004601","ahpC","E1W9A9"
"GO:0098869","ahpC","E1W9A9"
"GO:0045454","ahpC","E1W9A9"
"GO:0005623","ahpC","E1W9A9"
"GO:0055114","ahpC","E1W9A9"
"GO:0051920","ahpC","E1W9A9"
"GO:0015035","ahpF","E1W9B0"
"GO:0008785","ahpF","E1W9B0"
"GO:0045454","ahpF","E1W9B0"
"GO:0022900","ahpF","E1W9B0"
"GO:0005623","ahpF","E1W9B0"
"GO:0016491","ahpF","E1W9B0"
"GO:0009055","ahpF","E1W9B0"
"GO:0051287","ahpF","E1W9B0"
"GO:0055114","ahpF","E1W9B0"
"GO:0050660","ahpF","E1W9B0"
"GO:0016787","allA","E1W923"
"GO:0000256","allA","E1W923"
"GO:0006144","allA","E1W923"
"GO:0016829","allA","E1W923"
"GO:0006145","allA","E1W923"
"GO:0006144","allB","E1W930"
"GO:0000256","allB","E1W930"
"GO:0016787","allB","E1W930"
"GO:0050897","allB","E1W930"
"GO:0008270","allB","E1W930"
"GO:0046872","allB","E1W930"
"GO:0016787","allC","E1W934"
"GO:0009442","allC","E1W934"
"GO:0000256","allC","E1W934"
"GO:0042803","allC","E1W934"
"GO:0030145","allC","E1W934"
"GO:0046872","allC","E1W934"
"GO:0016491","allD","E1W935"
"GO:0055114","allD","E1W935"
"GO:1903506","allR","E1W924"
"GO:0003677","allR","E1W924"
"GO:0010468","allR","E1W924"
"GO:2000112","allR","E1W924"
"GO:0009253","ampD","E1W818"
"GO:0008745","ampD","E1W818"
"GO:0016787","ampD","E1W818"
"GO:0071555","ampD","E1W818"
"GO:0046872","ampD","E1W818"
"GO:0005737","ampD","E1W818"
"GO:0016021","ampE","E1W819"
"GO:0016020","ampE","E1W819"
"GO:0005215","ampG","E1W8V4"
"GO:0016021","ampG","E1W8V4"
"GO:0016020","ampG","E1W8V4"
"GO:0015696","amtB","E1W8X3"
"GO:0016021","amtB","E1W8X3"
"GO:0016020","amtB","E1W8X3"
"GO:0008519","amtB","E1W8X3"
"GO:0072488","amtB","E1W8X3"
"GO:0009116","apt","E1W8Z1"
"GO:0006166","apt","E1W8Z1"
"GO:0016740","apt","E1W8Z1"
"GO:0044209","apt","E1W8Z1"
"GO:0005737","apt","E1W8Z1"
"GO:0006168","apt","E1W8Z1"
"GO:0016853","araA","E1W7X4"
"GO:0046872","araA","E1W7X4"
"GO:0030145","araA","E1W7X4"
"GO:0016860","araA","E1W7X4"
"GO:0005737","araA","E1W7X4"
"GO:0019569","araA","E1W7X4"
"GO:0019568","araA","E1W7X4"
"GO:0005996","araA","E1W7X4"
"GO:0005975","araA","E1W7X4"
"GO:0005737","araC","E1W7X6"
"GO:2000112","araC","E1W7X6"
"GO:0003677","araC","E1W7X6"
"GO:0003700","araC","E1W7X6"
"GO:0043565","araC","E1W7X6"
"GO:1903506","araC","E1W7X6"
"GO:0010468","araC","E1W7X6"
"GO:0005215","araJ","E1W8Q5"
"GO:0016020","araJ","E1W8Q5"
"GO:0016021","araJ","E1W8Q5"
"GO:0006526","argA","E1WAN5"
"GO:0103045","argA","E1WAN5"
"GO:0016740","argA","E1WAN5"
"GO:0008080","argA","E1WAN5"
"GO:0005737","argA","E1WAN5"
"GO:0004042","argA","E1WAN5"
"GO:0008652","argA","E1WAN5"
"GO:0003849","aroG","E1W9P8"
"GO:0016740","aroG","E1W9P8"
"GO:0003824","aroG","E1W9P8"
"GO:0008652","aroG","E1W9P8"
"GO:0009073","aroG","E1W9P8"
"GO:0009058","aroG","E1W9P8"
"GO:0009423","aroG","E1W9P8"
"GO:0000287","aroL","E1W8P9"
"GO:0008652","aroL","E1W8P9"
"GO:0000166","aroL","E1W8P9"
"GO:0009073","aroL","E1W8P9"
"GO:0005737","aroL","E1W8P9"
"GO:0016740","aroL","E1W8P9"
"GO:0005524","aroL","E1W8P9"
"GO:0016301","aroL","E1W8P9"
"GO:0046872","aroL","E1W8P9"
"GO:0009423","aroL","E1W8P9"
"GO:0016310","aroL","E1W8P9"
"GO:0005886","aroP","E1W822"
"GO:0005215","aroP","E1W822"
"GO:0022857","aroP","E1W822"
"GO:0016020","aroP","E1W822"
"GO:0016021","aroP","E1W822"
"GO:0006865","aroP","E1W822"
"GO:0015424","artP","E1W6W1"
"GO:0005524","artP","E1W6W1"
"GO:0003333","artP","E1W6W1"
"GO:0000166","artP","E1W6W1"
"GO:0016020","artQ","E1W6V9"
"GO:0043190","artQ","E1W6V9"
"GO:0005215","artQ","E1W6V9"
"GO:0016021","artQ","E1W6V9"
"GO:0005886","artQ","E1W6V9"
"GO:0022857","artQ","E1W6V9"
"GO:0005524","barA","E1WAK4"
"GO:0016310","barA","E1WAK4"
"GO:0004673","barA","E1WAK4"
"GO:0000155","barA","E1WAK4"
"GO:0016740","barA","E1WAK4"
"GO:0016020","barA","E1WAK4"
"GO:0018106","barA","E1WAK4"
"GO:0000160","barA","E1WAK4"
"GO:0016021","barA","E1WAK4"
"GO:0000166","barA","E1WAK4"
"GO:0016301","barA","E1WAK4"
"GO:0023014","barA","E1WAK4"
"GO:0007165","barA","E1WAK4"
"GO:0043711","bcfB","E1W7P5"
"GO:0030288","bcfB","E1W7P5"
"GO:0061077","bcfB","E1W7P5"
"GO:0071555","bcfB","E1W7P5"
"GO:0009297","bcfC","E1W7P6"
"GO:0016020","bcfC","E1W7P6"
"GO:0009279","bcfC","E1W7P6"
"GO:0016021","bcfC","E1W7P6"
"GO:0015473","bcfC","E1W7P6"
"GO:0030170","bioA","E1W9T1"
"GO:0003824","bioA","E1W9T1"
"GO:0016740","bioA","E1W9T1"
"GO:0009102","bioA","E1W9T1"
"GO:0005737","bioA","E1W9T1"
"GO:0008483","bioA","E1W9T1"
"GO:0009102","bioB","E1W9T2"
"GO:0051536","bioB","E1W9T2"
"GO:0005506","bioB","E1W9T2"
"GO:0016740","bioB","E1W9T2"
"GO:0003824","bioB","E1W9T2"
"GO:0046872","bioB","E1W9T2"
"GO:0016740","bioC","E1W9T4"
"GO:0008168","bioC","E1W9T4"
"GO:0010340","bioC","E1W9T4"
"GO:0032259","bioC","E1W9T4"
"GO:0102130","bioC","E1W9T4"
"GO:0009102","bioC","E1W9T4"
"GO:0016874","bioD","E1W9T5"
"GO:0000166","bioD","E1W9T5"
"GO:0005737","bioD","E1W9T5"
"GO:0005524","bioD","E1W9T5"
"GO:0000166","bioD","E1W9T5"
"GO:0009102","bioD","E1W9T5"
"GO:0000287","bioD","E1W9T5"
"GO:0005524","bioD","E1W9T5"
"GO:0046872","bioD","E1W9T5"
"GO:0000287","bioD","E1W9T5"
"GO:0005737","bioD","E1W9T5"
"GO:0016874","bioD","E1W9T5"
"GO:0046872","bioD","E1W9T5"
"GO:0009102","bioD","E1W9T5"
"GO:0006865","brnQ","E1W8R0"
"GO:0015803","brnQ","E1W8R0"
"GO:0005215","brnQ","E1W8R0"
"GO:0005886","brnQ","E1W8R0"
"GO:0015658","brnQ","E1W8R0"
"GO:0016021","brnQ","E1W8R0"
"GO:0016020","brnQ","E1W8R0"
"GO:0042597","btuF","E1W878"
"GO:0031419","btuF","E1W878"
"GO:0055114","caiA","E1W7U7"
"GO:0003995","caiA","E1W7U7"
"GO:0009437","caiA","E1W7U7"
"GO:0050660","caiA","E1W7U7"
"GO:0016491","caiA","E1W7U7"
"GO:0005737","caiA","E1W7U7"
"GO:0016874","caiC","E1W7U5"
"GO:0009437","caiC","E1W7U5"
"GO:0016878","caiC","E1W7U5"
"GO:0003824","caiC","E1W7U5"
"GO:0016405","caiC","E1W7U5"
"GO:0003824","caiD","E1W7U4"
"GO:0016836","caiD","E1W7U4"
"GO:0009437","caiD","E1W7U4"
"GO:0016829","caiD","E1W7U4"
"GO:0009437","caiE","E1W7U3"
"GO:0016740","caiE","E1W7U3"
"GO:0097659","caiF","E1W7U2"
"GO:0016021","caiT","E1W7U8"
"GO:1900749","caiT","E1W7U8"
"GO:0005886","caiT","E1W7U8"
"GO:0005215","caiT","E1W7U8"
"GO:1902270","caiT","E1W7U8"
"GO:0022857","caiT","E1W7U8"
"GO:0016020","caiT","E1W7U8"
"GO:0015297","caiT","E1W7U8"
"GO:0044667","caiT","E1W7U8"
"GO:1900751","caiT","E1W7U8"
"GO:0009437","caiT","E1W7U8"
"GO:0006457","cbpA","E1W7E3"
"GO:0051082","cbpA","E1W7E3"
"GO:0005737","cbpA","E1W7E3"
"GO:0003681","cbpA","E1W7E3"
"GO:0009295","cbpA","E1W7E3"
"GO:0003677","cbpA","E1W7E3"
"GO:0016740","cdsA","E1W894"
"GO:0016020","cdsA","E1W894"
"GO:0016021","cdsA","E1W894"
"GO:0016024","cdsA","E1W894"
"GO:0016779","cdsA","E1W894"
"GO:0005524","citG","E1W9C0"
"GO:0016740","citG","E1W9C0"
"GO:0016310","citG","E1W9C0"
"GO:0000166","citG","E1W9C0"
"GO:0016021","citT","E1W9B9"
"GO:0022857","citT","E1W9B9"
"GO:0006814","citT","E1W9B9"
"GO:0005215","citT","E1W9B9"
"GO:0016020","citT","E1W9B9"
"GO:0015297","clcA","E1W875"
"GO:0016021","clcA","E1W875"
"GO:0005247","clcA","E1W875"
"GO:0006821","clcA","E1W875"
"GO:1902476","clcA","E1W875"
"GO:0005886","clcA","E1W875"
"GO:0006811","clcA","E1W875"
"GO:0005887","clcA","E1W875"
"GO:0005215","clcA","E1W875"
"GO:0016020","clcA","E1W875"
"GO:0015108","clcA","E1W875"
"GO:0005524","clpA","E1W6X8"
"GO:0000166","clpA","E1W6X8"
"GO:0019538","clpA","E1W6X8"
"GO:0043335","clpA","E1W6X8"
"GO:0008233","clpA","E1W6X8"
"GO:0006139","cmk","E1W711"
"GO:0005524","cmk","E1W711"
"GO:0006220","cmk","E1W711"
"GO:0046940","cmk","E1W711"
"GO:0016740","cmk","E1W711"
"GO:0016301","cmk","E1W711"
"GO:0000166","cmk","E1W711"
"GO:0016310","cmk","E1W711"
"GO:0005737","cmk","E1W711"
"GO:0016740","coaE","E1W812"
"GO:0016310","coaE","E1W812"
"GO:0000166","coaE","E1W812"
"GO:0015937","coaE","E1W812"
"GO:0005524","coaE","E1W812"
"GO:0005737","coaE","E1W812"
"GO:0016301","coaE","E1W812"
"GO:1903506","csgD","E1W7H1"
"GO:0010468","csgD","E1W7H1"
"GO:0003677","csgD","E1W7H1"
"GO:2000112","csgD","E1W7H1"
"GO:0005215","csgG","E1W7G8"
"GO:2000112","cspE","E1W9D0"
"GO:0003676","cspE","E1W9D0"
"GO:0005737","cspE","E1W9D0"
"GO:0010468","cspE","E1W9D0"
"GO:1903506","cspE","E1W9D0"
"GO:0003677","cspE","E1W9D0"
"GO:0005215","cycA","E1WAT3"
"GO:0022857","cycA","E1WAT3"
"GO:0006865","cycA","E1WAT3"
"GO:0016021","cycA","E1WAT3"
"GO:0016020","cycA","E1WAT3"
"GO:0009055","cydA","E1W9N3"
"GO:0016021","cydA","E1W9N3"
"GO:0070069","cydA","E1W9N3"
"GO:0016020","cydA","E1W9N3"
"GO:0019646","cydA","E1W9N3"
"GO:0055114","cydA","E1W9N3"
"GO:0005886","cydA","E1W9N3"
"GO:0046872","cydA","E1W9N3"
"GO:0005524","cydC","E1W6Y8"
"GO:0005623","cydC","E1W6Y8"
"GO:0016021","cydC","E1W6Y8"
"GO:0042626","cydC","E1W6Y8"
"GO:0045454","cydC","E1W6Y8"
"GO:0016020","cydC","E1W6Y8"
"GO:0034775","cydC","E1W6Y8"
"GO:0005215","cydC","E1W6Y8"
"GO:0000166","cydC","E1W6Y8"
"GO:0005524","cydD","E1W6Y9"
"GO:0042626","cydD","E1W6Y9"
"GO:0016021","cydD","E1W6Y9"
"GO:0000166","cydD","E1W6Y9"
"GO:0042883","cydD","E1W6Y9"
"GO:0005215","cydD","E1W6Y9"
"GO:0016020","cydD","E1W6Y9"
"GO:0016021","cyoA","E1W8V3"
"GO:0008827","cyoA","E1W8V3"
"GO:1902600","cyoA","E1W8V3"
"GO:0004129","cyoA","E1W8V3"
"GO:0016020","cyoA","E1W8V3"
"GO:0022900","cyoA","E1W8V3"
"GO:0016491","cyoA","E1W8V3"
"GO:0070469","cyoA","E1W8V3"
"GO:0005507","cyoA","E1W8V3"
"GO:0055114","cyoA","E1W8V3"
"GO:0005886","cyoA","E1W8V3"
"GO:1902600","cyoB","E1W8V2"
"GO:0004129","cyoB","E1W8V2"
"GO:0070469","cyoB","E1W8V2"
"GO:0016020","cyoB","E1W8V2"
"GO:0022900","cyoB","E1W8V2"
"GO:0009060","cyoB","E1W8V2"
"GO:0020037","cyoB","E1W8V2"
"GO:0016021","cyoB","E1W8V2"
"GO:0016491","cyoB","E1W8V2"
"GO:0055114","cyoB","E1W8V2"
"GO:0005886","cyoE","E1W8U9"
"GO:0006783","cyoE","E1W8U9"
"GO:0016740","cyoE","E1W8U9"
"GO:0016021","cyoE","E1W8U9"
"GO:0016020","cyoE","E1W8U9"
"GO:0048034","cyoE","E1W8U9"
"GO:0020037","cysI","E1WAJ1"
"GO:0051536","cysI","E1WAJ1"
"GO:0016491","cysI","E1WAJ1"
"GO:0009337","cysI","E1WAJ1"
"GO:0046872","cysI","E1WAJ1"
"GO:0004783","cysI","E1WAJ1"
"GO:0019344","cysI","E1WAJ1"
"GO:0050661","cysI","E1WAJ1"
"GO:0008652","cysI","E1WAJ1"
"GO:0070814","cysI","E1WAJ1"
"GO:0000103","cysI","E1WAJ1"
"GO:0055114","cysI","E1WAJ1"
"GO:0070814","cysN","E1WAH8"
"GO:0005525","cysN","E1WAH8"
"GO:0005524","cysN","E1WAH8"
"GO:0000103","cysN","E1WAH8"
"GO:0016740","cysN","E1WAH8"
"GO:0016779","cysN","E1WAH8"
"GO:0000166","cysN","E1WAH8"
"GO:0006790","cysN","E1WAH8"
"GO:0009089","dapB","E1W7T8"
"GO:0051287","dapB","E1W7T8"
"GO:0050661","dapB","E1W7T8"
"GO:0008652","dapB","E1W7T8"
"GO:0016491","dapB","E1W7T8"
"GO:0009085","dapB","E1W7T8"
"GO:0005737","dapB","E1W7T8"
"GO:0019877","dapB","E1W7T8"
"GO:0008839","dapB","E1W7T8"
"GO:0055114","dapB","E1W7T8"
"GO:0005215","dcuC","E1W9C8"
"GO:0051536","dmsA","E1W6Z6"
"GO:0046872","dmsA","E1W6Z6"
"GO:0043546","dmsA","E1W6Z6"
"GO:0022900","dmsA","E1W6Z6"
"GO:0016491","dmsA","E1W6Z6"
"GO:0055114","dmsA","E1W6Z6"
"GO:0030151","dmsA","E1W6Z6"
"GO:0009055","dmsA","E1W6Z6"
"GO:0009389","dmsA","E1W6Z6"
"GO:0005737","dnaE","E1W8A3"
"GO:0003824","dnaE","E1W8A3"
"GO:0071897","dnaE","E1W8A3"
"GO:0016740","dnaE","E1W8A3"
"GO:0003887","dnaE","E1W8A3"
"GO:0016779","dnaE","E1W8A3"
"GO:0003676","dnaE","E1W8A3"
"GO:0051082","dnaK","E1W7N5"
"GO:0000166","dnaK","E1W7N5"
"GO:0006457","dnaK","E1W7N5"
"GO:0005524","dnaK","E1W7N5"
"GO:0016779","dnaQ","E1W8D0"
"GO:0003676","dnaQ","E1W8D0"
"GO:0046872","dnaQ","E1W8D0"
"GO:0004518","dnaQ","E1W8D0"
"GO:0003887","dnaQ","E1W8D0"
"GO:0003677","dnaQ","E1W8D0"
"GO:0016787","dnaQ","E1W8D0"
"GO:0071897","dnaQ","E1W8D0"
"GO:0016740","dnaQ","E1W8D0"
"GO:0046872","dps","E1W9W7"
"GO:0006879","dps","E1W9W7"
"GO:0030261","dps","E1W9W7"
"GO:0055114","dps","E1W9W7"
"GO:0003677","dps","E1W9W7"
"GO:0005623","dps","E1W9W7"
"GO:0005737","dps","E1W9W7"
"GO:0016491","dps","E1W9W7"
"GO:0008199","dps","E1W9W7"
"GO:0042597","dsbG","E1W9A8"
"GO:0009228","dxs","E1W8T2"
"GO:0008661","dxs","E1W8T2"
"GO:0003824","dxs","E1W8T2"
"GO:0046872","dxs","E1W8T2"
"GO:0000287","dxs","E1W8T2"
"GO:0030976","dxs","E1W8T2"
"GO:0052865","dxs","E1W8T2"
"GO:0016740","dxs","E1W8T2"
"GO:0000287","eno","E1WAJ6"
"GO:0009986","eno","E1WAJ6"
"GO:0016829","eno","E1WAJ6"
"GO:0046872","eno","E1WAJ6"
"GO:0005737","eno","E1WAJ6"
"GO:0005576","eno","E1WAJ6"
"GO:0000015","eno","E1WAJ6"
"GO:0006096","eno","E1WAJ6"
"GO:0009058","entC","E1W996"
"GO:0016740","entD","E1W985"
"GO:0009366","entD","E1W985"
"GO:0000287","entD","E1W985"
"GO:0009239","entD","E1W985"
"GO:0006633","fabA","E1W799"
"GO:0016853","fabA","E1W799"
"GO:0016829","fabA","E1W799"
"GO:0004317","fabA","E1W799"
"GO:0006629","fabA","E1W799"
"GO:0006631","fabA","E1W799"
"GO:0005737","fabA","E1W799"
"GO:0005215","fepB","E1W995"
"GO:0005524","fepC","E1W991"
"GO:0005215","fepC","E1W991"
"GO:0000166","fepC","E1W991"
"GO:0022857","fepD","E1W993"
"GO:0005215","fepD","E1W993"
"GO:0016020","fepD","E1W993"
"GO:0016021","fepD","E1W993"
"GO:0005886","fepD","E1W993"
"GO:0016021","fepE","E1W990"
"GO:0016020","fepE","E1W990"
"GO:0005215","fepG","E1W992"
"GO:0016021","fepG","E1W992"
"GO:0005886","fepG","E1W992"
"GO:0022857","fepG","E1W992"
"GO:0016020","fepG","E1W992"
"GO:0008849","fes","E1W987"
"GO:0006826","fes","E1W987"
"GO:0005737","fes","E1W987"
"GO:0005506","fes","E1W987"
"GO:0015344","fhuA","E1W863"
"GO:0009279","fhuA","E1W863"
"GO:0015891","fhuA","E1W863"
"GO:0044718","fhuA","E1W863"
"GO:0005506","fhuA","E1W863"
"GO:0038023","fhuA","E1W863"
"GO:0016020","fhuA","E1W863"
"GO:0005215","fhuB","E1W866"
"GO:0005215","fhuD","E1W865"
"GO:0110165","flgB","E1W7K3"
"GO:0009288","flgB","E1W7K3"
"GO:0009425","flgB","E1W7K3"
"GO:0044781","flgD","E1W7K5"
"GO:0009288","flgH","E1W7K9"
"GO:0009279","flgH","E1W7K9"
"GO:0110165","flgH","E1W7K9"
"GO:0009425","flgH","E1W7K9"
"GO:0016020","flgH","E1W7K9"
"GO:0005576","flgK","E1W7L2"
"GO:0005198","flgK","E1W7L2"
"GO:0009288","flgK","E1W7L2"
"GO:0044780","flgK","E1W7L2"
"GO:0009424","flgK","E1W7L2"
"GO:0010468","flgM","E1W7K1"
"GO:2000113","flgM","E1W7K1"
"GO:0010629","flgM","E1W7K1"
"GO:1903507","flgM","E1W7K1"
"GO:1903506","flgM","E1W7K1"
"GO:2000112","flgM","E1W7K1"
"GO:0044780","flgN","E1W7K0"
"GO:0016020","focA","E1W705"
"GO:0015499","focA","E1W705"
"GO:0015724","focA","E1W705"
"GO:0005215","focA","E1W705"
"GO:0016021","focA","E1W705"
"GO:0022857","focA","E1W705"
"GO:0055114","folA","E1W7W0"
"GO:0016491","folA","E1W7W0"
"GO:0006545","folA","E1W7W0"
"GO:0004146","folA","E1W7W0"
"GO:0050661","folA","E1W7W0"
"GO:0046654","folA","E1W7W0"
"GO:0006730","folA","E1W7W0"
"GO:0016310","folK","E1W855"
"GO:0016301","folK","E1W855"
"GO:0009396","folK","E1W855"
"GO:0006412","frr","E1W891"
"GO:0006415","frr","E1W891"
"GO:0005737","frr","E1W891"
"GO:0032153","ftsA","E1W804"
"GO:0043093","ftsA","E1W804"
"GO:0005886","ftsA","E1W804"
"GO:0007049","ftsA","E1W804"
"GO:0009898","ftsA","E1W804"
"GO:0051301","ftsA","E1W804"
"GO:0016020","ftsA","E1W804"
"GO:0005886","ftsB","E1WAH5"
"GO:0016021","ftsB","E1WAH5"
"GO:0043093","ftsB","E1WAH5"
"GO:0007049","ftsB","E1WAH5"
"GO:0016020","ftsB","E1WAH5"
"GO:0005887","ftsB","E1WAH5"
"GO:0032153","ftsB","E1WAH5"
"GO:0051301","ftsB","E1WAH5"
"GO:0051301","ftsI","E1W7Z4"
"GO:0005886","ftsI","E1W7Z4"
"GO:0043093","ftsI","E1W7Z4"
"GO:0016020","ftsI","E1W7Z4"
"GO:0007049","ftsI","E1W7Z4"
"GO:0008360","ftsI","E1W7Z4"
"GO:0008658","ftsI","E1W7Z4"
"GO:0016787","ftsI","E1W7Z4"
"GO:0008955","ftsI","E1W7Z4"
"GO:0009252","ftsI","E1W7Z4"
"GO:0071555","ftsI","E1W7Z4"
"GO:0016021","ftsI","E1W7Z4"
"GO:0005887","ftsI","E1W7Z4"
"GO:0000917","ftsI","E1W7Z4"
"GO:0008233","ftsI","E1W7Z4"
"GO:0000166","ftsK","E1W6Z2"
"GO:0016020","ftsK","E1W6Z2"
"GO:0005886","ftsK","E1W6Z2"
"GO:0016021","ftsK","E1W6Z2"
"GO:0005524","ftsK","E1W6Z2"
"GO:0007049","ftsK","E1W6Z2"
"GO:0051301","ftsK","E1W6Z2"
"GO:0007059","ftsK","E1W6Z2"
"GO:0003677","ftsK","E1W6Z2"
"GO:0051301","ftsL","E1W7Z3"
"GO:0032153","ftsL","E1W7Z3"
"GO:0043093","ftsL","E1W7Z3"
"GO:0005887","ftsL","E1W7Z3"
"GO:0005886","ftsL","E1W7Z3"
"GO:0016020","ftsL","E1W7Z3"
"GO:0016021","ftsL","E1W7Z3"
"GO:0007049","ftsL","E1W7Z3"
"GO:0016021","ftsQ","E1W803"
"GO:0043093","ftsQ","E1W803"
"GO:0007049","ftsQ","E1W803"
"GO:0005886","ftsQ","E1W803"
"GO:0032153","ftsQ","E1W803"
"GO:0016020","ftsQ","E1W803"
"GO:0051301","ftsQ","E1W803"
"GO:0090529","ftsQ","E1W803"
"GO:0005887","ftsQ","E1W803"
"GO:0042355","fucK","E1WAM2"
"GO:0019317","fucK","E1WAM2"
"GO:0000166","fucK","E1WAM2"
"GO:0005524","fucK","E1WAM2"
"GO:0016301","fucK","E1WAM2"
"GO:0016740","fucK","E1WAM2"
"GO:0016310","fucK","E1WAM2"
"GO:0005975","fucK","E1WAM2"
"GO:0046835","fucK","E1WAM2"
"GO:1903506","fur","E1W9I7"
"GO:0046872","fur","E1W9I7"
"GO:0010468","fur","E1W9I7"
"GO:2000112","fur","E1W9I7"
"GO:0003677","fur","E1W9I7"
"GO:0005737","fur","E1W9I7"
"GO:0003700","fur","E1W9I7"
"GO:0016491","gabD","E1WA40"
"GO:0009450","gabD","E1WA40"
"GO:0009013","gabD","E1WA40"
"GO:0055114","gabD","E1WA40"
"GO:0005215","gabP","E1WA42"
"GO:0006865","gabP","E1WA42"
"GO:0015185","gabP","E1WA42"
"GO:0022857","gabP","E1WA42"
"GO:0015812","gabP","E1WA42"
"GO:0016021","gabP","E1WA42"
"GO:0016020","gabP","E1WA42"
"GO:0009448","gabT","E1WA41"
"GO:0030170","gabT","E1WA41"
"GO:0008483","gabT","E1WA41"
"GO:0016740","gabT","E1WA41"
"GO:0003824","gabT","E1WA41"
"GO:0016301","galK","E1W9R2"
"GO:0005975","galK","E1W9R2"
"GO:0005737","galK","E1W9R2"
"GO:0005524","galK","E1W9R2"
"GO:0046872","galK","E1W9R2"
"GO:0000166","galK","E1W9R2"
"GO:0000287","galK","E1W9R2"
"GO:0016310","galK","E1W9R2"
"GO:0046835","galK","E1W9R2"
"GO:0016740","galK","E1W9R2"
"GO:0005534","galK","E1W9R2"
"GO:0016740","galT","E1W9R3"
"GO:0033499","galT","E1W9R3"
"GO:0005975","galT","E1W9R3"
"GO:0008270","galT","E1W9R3"
"GO:0016779","galT","E1W9R3"
"GO:0046872","galT","E1W9R3"
"GO:0046487","garR","E1W927"
"GO:0016491","garR","E1W927"
"GO:0055114","garR","E1W927"
"GO:0046392","garR","E1W927"
"GO:0051287","garR","E1W927"
"GO:0050661","garR","E1W927"
"GO:0008679","garR","E1W927"
"GO:0016740","glnD","E1W886"
"GO:0016779","glnD","E1W886"
"GO:0008152","glnD","E1W886"
"GO:0003824","glnD","E1W886"
"GO:0016787","glnD","E1W886"
"GO:0006807","glnD","E1W886"
"GO:0008773","glnD","E1W886"
"GO:0006808","glnD","E1W886"
"GO:0035235","glnH","E1W9W6"
"GO:0034220","glnH","E1W9W6"
"GO:0015276","glnH","E1W9W6"
"GO:0004970","glnH","E1W9W6"
"GO:0016020","glnH","E1W9W6"
"GO:0030234","glnK","E1W8X2"
"GO:0050790","glnK","E1W8X2"
"GO:0006808","glnK","E1W8X2"
"GO:0000166","glnK","E1W8X2"
"GO:0016021","glnP","E1W9W5"
"GO:0005886","glnP","E1W9W5"
"GO:0022857","glnP","E1W9W5"
"GO:0016020","glnP","E1W9W5"
"GO:0043190","glnP","E1W9W5"
"GO:0019243","gloB","E1W8C7"
"GO:0046872","gloB","E1W8C7"
"GO:0016787","gloB","E1W8C7"
"GO:0022857","gltJ","E1W9G5"
"GO:0016020","gltJ","E1W9G5"
"GO:0005886","gltJ","E1W9G5"
"GO:0043190","gltJ","E1W9G5"
"GO:0016021","gltJ","E1W9G5"
"GO:0006865","gltJ","E1W9G5"
"GO:0006865","gltK","E1W9G4"
"GO:0043190","gltK","E1W9G4"
"GO:0016020","gltK","E1W9G4"
"GO:0016021","gltK","E1W9G4"
"GO:0022857","gltK","E1W9G4"
"GO:0005886","gltK","E1W9G4"
"GO:0016310","glxK","E1W932"
"GO:0016740","glxK","E1W932"
"GO:0016301","glxK","E1W932"
"GO:0031388","glxK","E1W932"
"GO:0046872","gpt","E1W8I1"
"GO:0005886","gpt","E1W8I1"
"GO:0016020","gpt","E1W8I1"
"GO:0009116","gpt","E1W8I1"
"GO:0006166","gpt","E1W8I1"
"GO:0016740","gpt","E1W8I1"
"GO:0000287","gpt","E1W8I1"
"GO:0032265","gpt","E1W8I1"
"GO:0003677","helD","E1W7A7"
"GO:0032508","helD","E1W7A7"
"GO:0005524","helD","E1W7A7"
"GO:0016787","helD","E1W7A7"
"GO:0000166","helD","E1W7A7"
"GO:0003678","helD","E1W7A7"
"GO:0016829","hemB","E1W8N3"
"GO:0006779","hemB","E1W8N3"
"GO:0046872","hemB","E1W8N3"
"GO:0003824","hemB","E1W8N3"
"GO:0033014","hemB","E1W8N3"
"GO:0046872","hemH","E1W8Z7"
"GO:0004325","hemH","E1W8Z7"
"GO:0016829","hemH","E1W8Z7"
"GO:0005737","hemH","E1W8Z7"
"GO:0006779","hemH","E1W8Z7"
"GO:0006783","hemH","E1W8Z7"
"GO:0009405","hha","E1W8Y2"
"GO:0003700","hilD","E1WAC0"
"GO:0003677","hilD","E1WAC0"
"GO:2000112","hilD","E1WAC0"
"GO:1903506","hilD","E1WAC0"
"GO:0010468","hilD","E1WAC0"
"GO:0043565","hilD","E1WAC0"
"GO:0016021","hofC","E1W814"
"GO:0016020","hofC","E1W814"
"GO:0071897","holA","E1W9E7"
"GO:0009360","holA","E1W9E7"
"GO:0003887","holA","E1W9E7"
"GO:0003677","holA","E1W9E7"
"GO:0009116","hpt","E1W842"
"GO:0046872","hpt","E1W842"
"GO:0000166","hpt","E1W842"
"GO:0006166","hpt","E1W842"
"GO:0032264","hpt","E1W842"
"GO:0016740","hpt","E1W842"
"GO:0005737","hpt","E1W842"
"GO:0005737","htpG","E1W8Z5"
"GO:0005524","htpG","E1W8Z5"
"GO:0000166","htpG","E1W8Z5"
"GO:0051082","htpG","E1W8Z5"
"GO:0006457","htpG","E1W8Z5"
"GO:0030261","hupB","E1W8W1"
"GO:0003677","hupB","E1W8W1"
"GO:0008047","hycI","E1WA90"
"GO:0008233","hycI","E1WA90"
"GO:0046872","hypD","E1WAA2"
"GO:0006428","ileS","E1W7S0"
"GO:0006418","ileS","E1W7S0"
"GO:0008270","ileS","E1W7S0"
"GO:0006412","ileS","E1W7S0"
"GO:0002161","ileS","E1W7S0"
"GO:0005737","ileS","E1W7S0"
"GO:0046872","ileS","E1W7S0"
"GO:0000166","ileS","E1W7S0"
"GO:0000049","ileS","E1W7S0"
"GO:0004812","ileS","E1W7S0"
"GO:0005524","ileS","E1W7S0"
"GO:0016874","ileS","E1W7S0"
"GO:0003743","infA","E1W6Y5"
"GO:0043022","infA","E1W6Y5"
"GO:0003723","infA","E1W6Y5"
"GO:0006413","infA","E1W6Y5"
"GO:0019843","infA","E1W6Y5"
"GO:0005737","infA","E1W6Y5"
"GO:0006412","infA","E1W6Y5"
"GO:0016740","ispA","E1W8T3"
"GO:0042625","kdpA","E1W9K0"
"GO:0015079","kdpA","E1W9K0"
"GO:0019829","kdpA","E1W9K0"
"GO:0016020","kdpA","E1W9K0"
"GO:0006811","kdpA","E1W9K0"
"GO:0006813","kdpA","E1W9K0"
"GO:0016021","kdpA","E1W9K0"
"GO:0005886","kdpA","E1W9K0"
"GO:0030955","kdpA","E1W9K0"
"GO:0005887","kdpA","E1W9K0"
"GO:0071805","kdpA","E1W9K0"
"GO:0098655","kdpA","E1W9K0"
"GO:0000160","kdpE","E1W9J6"
"GO:2000112","kdpE","E1W9J6"
"GO:0003677","kdpE","E1W9J6"
"GO:1903506","kdpE","E1W9J6"
"GO:0010468","kdpE","E1W9J6"
"GO:0016740","kdsB","E1W719"
"GO:0033468","kdsB","E1W719"
"GO:0016779","kdsB","E1W719"
"GO:0005737","kdsB","E1W719"
"GO:0015079","kefC","E1W7V9"
"GO:0008324","kefC","E1W7V9"
"GO:0098655","kefC","E1W7V9"
"GO:0015503","kefC","E1W7V9"
"GO:1902600","kefC","E1W7V9"
"GO:0015643","kefC","E1W7V9"
"GO:0071805","kefC","E1W7V9"
"GO:0019899","kefC","E1W7V9"
"GO:0051595","kefC","E1W7V9"
"GO:0005215","kefC","E1W7V9"
"GO:0006813","kefC","E1W7V9"
"GO:0005886","kefC","E1W7V9"
"GO:0006812","kefC","E1W7V9"
"GO:0016020","kefC","E1W7V9"
"GO:0006811","kefC","E1W7V9"
"GO:0015297","kefC","E1W7V9"
"GO:0015299","kefC","E1W7V9"
"GO:0016021","kefC","E1W7V9"
"GO:0005887","kefC","E1W7V9"
"GO:0016740","leuA","E1W7Y5"
"GO:0009082","leuA","E1W7Y5"
"GO:0019752","leuA","E1W7Y5"
"GO:0008652","leuA","E1W7Y5"
"GO:0009098","leuA","E1W7Y5"
"GO:0003824","leuA","E1W7Y5"
"GO:0003852","leuA","E1W7Y5"
"GO:0009098","leuL","E1W7Y6"
"GO:1903506","leuO","E1W7Y7"
"GO:2000112","leuO","E1W7Y7"
"GO:0003700","leuO","E1W7Y7"
"GO:0003677","leuO","E1W7Y7"
"GO:0010468","leuO","E1W7Y7"
"GO:0005886","lgt","E1WAP5"
"GO:0042158","lgt","E1WAP5"
"GO:0005887","lgt","E1WAP5"
"GO:0008961","lgt","E1WAP5"
"GO:0016020","lgt","E1WAP5"
"GO:0016740","lgt","E1WAP5"
"GO:0016021","lgt","E1WAP5"
"GO:0016415","lipB","E1W9D6"
"GO:0033819","lipB","E1W9D6"
"GO:0102555","lipB","E1W9D6"
"GO:0005737","lipB","E1W9D6"
"GO:0016740","lipB","E1W9D6"
"GO:0016874","lipB","E1W9D6"
"GO:0016020","lnt","E1W9G7"
"GO:0016410","lnt","E1W9G7"
"GO:0016740","lnt","E1W9G7"
"GO:0042158","lnt","E1W9G7"
"GO:0006807","lnt","E1W9G7"
"GO:0005886","lnt","E1W9G7"
"GO:0016021","lnt","E1W9G7"
"GO:0005737","lon","E1W8W0"
"GO:0000166","lon","E1W8W0"
"GO:0005524","lon","E1W8W0"
"GO:0008233","lon","E1W8W0"
"GO:0030163","lon","E1W8W0"
"GO:0043565","lon","E1W8W0"
"GO:0016787","lon","E1W8W0"
"GO:0009245","lpxA","E1W8A0"
"GO:0016740","lpxA","E1W8A0"
"GO:0005737","lpxA","E1W8A0"
"GO:0008780","lpxA","E1W8A0"
"GO:0006629","lpxA","E1W8A0"
"GO:0016740","lpxB","E1W8A1"
"GO:0008915","lpxB","E1W8A1"
"GO:0006629","lpxB","E1W8A1"
"GO:0009245","lpxB","E1W8A1"
"GO:0010468","lrp","E1W6Z1"
"GO:0003700","lrp","E1W6Z1"
"GO:0003677","lrp","E1W6Z1"
"GO:2000112","lrp","E1W6Z1"
"GO:0043565","lrp","E1W6Z1"
"GO:1903506","lrp","E1W6Z1"
"GO:0003824","luxS","E1WA67"
"GO:0005506","luxS","E1WA67"
"GO:0009372","luxS","E1WA67"
"GO:0046872","luxS","E1WA67"
"GO:0043768","luxS","E1WA67"
"GO:0016829","luxS","E1WA67"
"GO:0016740","maa","E1W8Y1"
"GO:0016407","maa","E1W8Y1"
"GO:0005737","malZ","E1W8R2"
"GO:0016787","malZ","E1W8R2"
"GO:0003824","malZ","E1W8R2"
"GO:0005975","malZ","E1W8R2"
"GO:0005886","mdoH","E1W7I0"
"GO:0016740","mdoH","E1W7I0"
"GO:0016020","mdoH","E1W7I0"
"GO:0016021","mdoH","E1W7I0"
"GO:0005737","miaB","E1W9H1"
"GO:0003824","miaB","E1W9H1"
"GO:0016740","miaB","E1W9H1"
"GO:0046872","miaB","E1W9H1"
"GO:0051536","miaB","E1W9H1"
"GO:0006777","moaA","E1W9T9"
"GO:0003824","moaA","E1W9T9"
"GO:1904047","moaA","E1W9T9"
"GO:0005525","moaA","E1W9T9"
"GO:0046872","moaA","E1W9T9"
"GO:0016829","moaA","E1W9T9"
"GO:0019008","moaA","E1W9T9"
"GO:0016830","moaA","E1W9T9"
"GO:0051536","moaA","E1W9T9"
"GO:0000166","moaA","E1W9T9"
"GO:0015689","modA","E1W9R9"
"GO:0046872","modA","E1W9R9"
"GO:0006777","mog","E1W7N1"
"GO:0008360","mraY","E1W7Z7"
"GO:0071555","mraY","E1W7Z7"
"GO:0005886","mraY","E1W7Z7"
"GO:0009252","mraY","E1W7Z7"
"GO:0016021","mraY","E1W7Z7"
"GO:0051301","mraY","E1W7Z7"
"GO:0016740","mraY","E1W7Z7"
"GO:0016020","mraY","E1W7Z7"
"GO:0007049","mraY","E1W7Z7"
"GO:1903506","mraZ","E1W7Z1"
"GO:2000112","mraZ","E1W7Z1"
"GO:0003677","mraZ","E1W7Z1"
"GO:0003700","mraZ","E1W7Z1"
"GO:0010468","mraZ","E1W7Z1"
"GO:0009295","mraZ","E1W7Z1"
"GO:0005737","mraZ","E1W7Z1"
"GO:0016491","msrA","E1WAU3"
"GO:0008113","msrA","E1WAU3"
"GO:0055114","msrA","E1WAU3"
"GO:0005524","mukB","E1W725"
"GO:0007049","mukB","E1W725"
"GO:0003677","mukB","E1W725"
"GO:0051301","mukB","E1W725"
"GO:0005737","mukB","E1W725"
"GO:0009295","mukB","E1W725"
"GO:0007059","mukB","E1W725"
"GO:0000166","mukB","E1W725"
"GO:0030261","mukB","E1W725"
"GO:0007049","mukE","E1W724"
"GO:0009295","mukE","E1W724"
"GO:0051301","mukE","E1W724"
"GO:0005737","mukE","E1W724"
"GO:0007059","mukE","E1W724"
"GO:0030261","mukE","E1W724"
"GO:0005737","mukF","E1W723"
"GO:0007059","mukF","E1W723"
"GO:0051301","mukF","E1W723"
"GO:0030261","mukF","E1W723"
"GO:0009295","mukF","E1W723"
"GO:0005509","mukF","E1W723"
"GO:0007049","mukF","E1W723"
"GO:0051301","murC","E1W801"
"GO:0008360","murC","E1W801"
"GO:0005524","murC","E1W801"
"GO:0016874","murC","E1W801"
"GO:0009252","murC","E1W801"
"GO:0009058","murC","E1W801"
"GO:0007049","murC","E1W801"
"GO:0071555","murC","E1W801"
"GO:0005737","murC","E1W801"
"GO:0000166","murC","E1W801"
"GO:0051301","murD","E1W7Z8"
"GO:0005524","murD","E1W7Z8"
"GO:0005737","murD","E1W7Z8"
"GO:0071555","murD","E1W7Z8"
"GO:0008360","murD","E1W7Z8"
"GO:0009252","murD","E1W7Z8"
"GO:0016874","murD","E1W7Z8"
"GO:0000166","murD","E1W7Z8"
"GO:0007049","murD","E1W7Z8"
"GO:0009058","murD","E1W7Z8"
"GO:0051301","murE","E1W7Z5"
"GO:0009252","murE","E1W7Z5"
"GO:0000166","murE","E1W7Z5"
"GO:0071555","murE","E1W7Z5"
"GO:0008360","murE","E1W7Z5"
"GO:0016881","murE","E1W7Z5"
"GO:0000287","murE","E1W7Z5"
"GO:0005737","murE","E1W7Z5"
"GO:0016874","murE","E1W7Z5"
"GO:0009058","murE","E1W7Z5"
"GO:0005524","murE","E1W7Z5"
"GO:0007049","murE","E1W7Z5"
"GO:0051301","murF","E1W7Z6"
"GO:0005524","murF","E1W7Z6"
"GO:0008360","murF","E1W7Z6"
"GO:0009058","murF","E1W7Z6"
"GO:0071555","murF","E1W7Z6"
"GO:0016874","murF","E1W7Z6"
"GO:0007049","murF","E1W7Z6"
"GO:0005737","murF","E1W7Z6"
"GO:0000166","murF","E1W7Z6"
"GO:0009252","murF","E1W7Z6"
"GO:0016787","mutT","E1W809"
"GO:0016740","nadA","E1W9P4"
"GO:0019805","nadA","E1W9P4"
"GO:0051536","nadA","E1W9P4"
"GO:0005737","nadA","E1W9P4"
"GO:0009435","nadA","E1W9P4"
"GO:0046872","nadA","E1W9P4"
"GO:0019363","nadA","E1W9P4"
"GO:0008987","nadA","E1W9P4"
"GO:0006044","nagA","E1W9H7"
"GO:0005975","nagA","E1W9H7"
"GO:0046872","nagA","E1W9H7"
"GO:0016787","nagA","E1W9H7"
"GO:0008448","nagA","E1W9H7"
"GO:0016787","nagB","E1W9H8"
"GO:0005975","nagB","E1W9H8"
"GO:0008152","nagB","E1W9H8"
"GO:0003824","nagB","E1W9H8"
"GO:0004342","nagB","E1W9H8"
"GO:0006044","nagB","E1W9H8"
"GO:0019262","nagB","E1W9H8"
"GO:0010468","nagC","E1W9H6"
"GO:2000112","nagC","E1W9H6"
"GO:1903506","nagC","E1W9H6"
"GO:0003700","nagC","E1W9H6"
"GO:0016740","nagE","E1W9H9"
"GO:0015572","nagE","E1W9H9"
"GO:0005215","nagE","E1W9H9"
"GO:0016020","nagE","E1W9H9"
"GO:0008982","nagE","E1W9H9"
"GO:0016301","nagE","E1W9H9"
"GO:0019866","nagE","E1W9H9"
"GO:0005886","nagE","E1W9H9"
"GO:0016021","nagE","E1W9H9"
"GO:0016310","nagE","E1W9H9"
"GO:0003700","nhaR","E1W7R4"
"GO:0003677","nhaR","E1W7R4"
"GO:1903506","nhaR","E1W7R4"
"GO:2000112","nhaR","E1W7R4"
"GO:0010468","nhaR","E1W7R4"
"GO:0005524","nrdE","E1WA57"
"GO:0016491","nrdE","E1WA57"
"GO:0061731","nrdE","E1WA57"
"GO:0055114","nrdE","E1WA57"
"GO:0010468","nusB","E1W8S8"
"GO:0032774","nusB","E1W8S8"
"GO:2000112","nusB","E1W8S8"
"GO:1903506","nusB","E1W8S8"
"GO:0003723","nusB","E1W8S8"
"GO:0031564","nusB","E1W8S8"
"GO:0015288","ompA","E1W7A2"
"GO:0016021","ompA","E1W7A2"
"GO:0016020","ompA","E1W7A2"
"GO:0009279","ompA","E1W7A2"
"GO:0005198","ompA","E1W7A2"
"GO:0009405","orgB","E1WAB4"
"GO:0016874","panC","E1W853"
"GO:0000166","panC","E1W853"
"GO:0015940","panC","E1W853"
"GO:0005524","panC","E1W853"
"GO:0009058","panC","E1W853"
"GO:0005737","panC","E1W853"
"GO:0003824","panC","E1W853"
"GO:0016740","pcnB","E1W856"
"GO:0000166","pcnB","E1W856"
"GO:0005524","pcnB","E1W856"
"GO:0003723","pcnB","E1W856"
"GO:0016779","pcnB","E1W856"
"GO:0003677","pdhR","E1W823"
"GO:0010468","pdhR","E1W823"
"GO:0003700","pdhR","E1W823"
"GO:2000112","pdhR","E1W823"
"GO:1903506","pdhR","E1W823"
"GO:0016787","pepD","E1W8I0"
"GO:0008270","pepN","E1W789"
"GO:0046872","pgm","E1W9J2"
"GO:0016853","pgm","E1W9J2"
"GO:0005975","pgm","E1W9J2"
"GO:0071704","pgm","E1W9J2"
"GO:0016866","pgm","E1W9J2"
"GO:0000287","pgm","E1W9J2"
"GO:0016021","pheP","E1W969"
"GO:0022857","pheP","E1W969"
"GO:0005215","pheP","E1W969"
"GO:0006865","pheP","E1W969"
"GO:0016020","pheP","E1W969"
"GO:0016020","phoE","E1W8I4"
"GO:0016021","phoE","E1W8I4"
"GO:0015288","phoE","E1W8I4"
"GO:0034220","phoE","E1W8I4"
"GO:0046930","phoE","E1W8I4"
"GO:0006811","phoE","E1W8I4"
"GO:0009279","phoE","E1W8I4"
"GO:0005524","phoH","E1W7F6"
"GO:0005737","plsX","E1W7M1"
"GO:0006633","plsX","E1W7M1"
"GO:0008654","plsX","E1W7M1"
"GO:0043811","plsX","E1W7M1"
"GO:0006629","plsX","E1W7M1"
"GO:0016740","plsX","E1W7M1"
"GO:0006644","plsX","E1W7M1"
"GO:0003824","plsX","E1W7M1"
"GO:0000166","polB","E1W7X0"
"GO:0071897","polB","E1W7X0"
"GO:0003677","polB","E1W7X0"
"GO:0016779","polB","E1W7X0"
"GO:0003676","polB","E1W7X0"
"GO:0016740","polB","E1W7X0"
"GO:0003887","polB","E1W7X0"
"GO:0003824","poxB","E1W6W8"
"GO:0030976","poxB","E1W6W8"
"GO:0000287","poxB","E1W6W8"
"GO:0016021","ppdD","E1W816"
"GO:0016020","ppdD","E1W816"
"GO:0003755","ppiB","E1W943"
"GO:0016853","ppiB","E1W943"
"GO:0006457","ppiB","E1W943"
"GO:0032774","priB","E1WAS7"
"GO:1990077","priB","E1WAS7"
"GO:0030894","priB","E1WAS7"
"GO:0003697","priB","E1WAS7"
"GO:0003677","priB","E1WAS7"
"GO:0005737","proB","E1W8I5"
"GO:0005524","proB","E1W8I5"
"GO:0000166","proB","E1W8I5"
"GO:0008652","proB","E1W8I5"
"GO:0003723","proB","E1W8I5"
"GO:0016740","proB","E1W8I5"
"GO:0006561","proB","E1W8I5"
"GO:0016301","proB","E1W8I5"
"GO:0055129","proB","E1W8I5"
"GO:0016310","proB","E1W8I5"
"GO:0055129","proC","E1W8P7"
"GO:0055114","proC","E1W8P7"
"GO:0005737","proC","E1W8P7"
"GO:0016491","proC","E1W8P7"
"GO:0004735","proC","E1W8P7"
"GO:0008652","proC","E1W8P7"
"GO:0006561","proC","E1W8P7"
"GO:0016020","proW","E1WA60"
"GO:0016021","proW","E1WA60"
"GO:0005215","proW","E1WA60"
"GO:0005886","proW","E1WA60"
"GO:0019543","prpB","E1W8M9"
"GO:0000287","prpB","E1W8M9"
"GO:0003824","prpB","E1W8M9"
"GO:0016829","prpB","E1W8M9"
"GO:0046872","prpB","E1W8M9"
"GO:0006099","prpC","E1W8N0"
"GO:0005737","prpC","E1W8N0"
"GO:0016740","prpC","E1W8N0"
"GO:0010468","prpR","E1W8M8"
"GO:1903506","prpR","E1W8M8"
"GO:0008134","prpR","E1W8M8"
"GO:0005737","prpR","E1W8M8"
"GO:0000156","prpR","E1W8M8"
"GO:2000112","prpR","E1W8M8"
"GO:0000160","prpR","E1W8M8"
"GO:0019543","prpR","E1W8M8"
"GO:0000166","prpR","E1W8M8"
"GO:0005524","prpR","E1W8M8"
"GO:0003677","prpR","E1W8M8"
"GO:0043565","prpR","E1W8M8"
"GO:0016874","purK","E1W940"
"GO:0006189","purK","E1W940"
"GO:0006164","purK","E1W940"
"GO:0000166","purK","E1W940"
"GO:0034028","purK","E1W940"
"GO:0046872","purK","E1W940"
"GO:0005524","purK","E1W940"
"GO:0022857","putP","E1W7F5"
"GO:0005886","putP","E1W7F5"
"GO:0015824","putP","E1W7F5"
"GO:0016020","putP","E1W7F5"
"GO:0006811","putP","E1W7F5"
"GO:0005298","putP","E1W7F5"
"GO:0006865","putP","E1W7F5"
"GO:0006814","putP","E1W7F5"
"GO:0005215","putP","E1W7F5"
"GO:0016021","putP","E1W7F5"
"GO:0003333","putP","E1W7F5"
"GO:0031402","putP","E1W7F5"
"GO:0015293","putP","E1W7F5"
"GO:0008270","pyrC","E1W7J2"
"GO:0044205","pyrC","E1W7J2"
"GO:0016787","pyrC","E1W7J2"
"GO:0046872","pyrC","E1W7J2"
"GO:0019856","pyrC","E1W7J2"
"GO:0006221","pyrC","E1W7J2"
"GO:0003824","pyrH","E1W890"
"GO:0005737","pyrH","E1W890"
"GO:0006221","pyrH","E1W890"
"GO:0016301","pyrH","E1W890"
"GO:0046940","pyrH","E1W890"
"GO:0016740","pyrH","E1W890"
"GO:0044210","pyrH","E1W890"
"GO:0016310","pyrH","E1W890"
"GO:0008152","pyrH","E1W890"
"GO:0000166","pyrH","E1W890"
"GO:0005524","pyrH","E1W890"
"GO:0004518","recD","E1WAN6"
"GO:0005524","recD","E1WAN6"
"GO:0009338","recD","E1WAN6"
"GO:0003677","recD","E1WAN6"
"GO:0032508","recD","E1WAN6"
"GO:0003678","recD","E1WAN6"
"GO:0016787","recD","E1WAN6"
"GO:0008854","recD","E1WAN6"
"GO:0000166","recD","E1WAN6"
"GO:0016787","rhlE","E1W9V7"
"GO:0003676","rhlE","E1W9V7"
"GO:0000166","rhlE","E1W9V7"
"GO:0005737","rhlE","E1W9V7"
"GO:0005524","rhlE","E1W9V7"
"GO:0003724","rhlE","E1W9V7"
"GO:0042255","rhlE","E1W9V7"
"GO:0046872","ribD","E1W8S6"
"GO:0008270","ribD","E1W8S6"
"GO:0055114","ribD","E1W8S6"
"GO:0008703","ribD","E1W8S6"
"GO:0009231","ribD","E1W8S6"
"GO:0050661","ribD","E1W8S6"
"GO:0016491","ribD","E1W8S6"
"GO:0016787","ribD","E1W8S6"
"GO:0008835","ribD","E1W8S6"
"GO:0003824","ribD","E1W8S6"
"GO:0009398","ribF","E1W7R9"
"GO:0000166","ribF","E1W7R9"
"GO:0016779","ribF","E1W7R9"
"GO:0009231","ribF","E1W7R9"
"GO:0006747","ribF","E1W7R9"
"GO:0016310","ribF","E1W7R9"
"GO:0016301","ribF","E1W7R9"
"GO:0005524","ribF","E1W7R9"
"GO:0016740","ribF","E1W7R9"
"GO:0016740","rimJ","E1W7J6"
"GO:0008080","rimJ","E1W7J6"
"GO:0016829","rlpA","E1W9D9"
"GO:0071555","rlpA","E1W9D9"
"GO:0008932","rlpA","E1W9D9"
"GO:0042834","rlpA","E1W9D9"
"GO:0000270","rlpA","E1W9D9"
"GO:0009982","rluA","E1W7W8"
"GO:0016853","rluA","E1W7W8"
"GO:0003723","rluA","E1W7W8"
"GO:0016853","rluC","E1W7L5"
"GO:0003723","rluC","E1W7L5"
"GO:0009982","rluC","E1W7L5"
"GO:0006417","rmf","E1W798"
"GO:0005737","rmf","E1W798"
"GO:2000112","rnk","E1W9B7"
"GO:0003677","rnk","E1W9B7"
"GO:0070063","rnk","E1W9B7"
"GO:1903506","rnk","E1W9B7"
"GO:0016301","rnk","E1W9B7"
"GO:0016310","rnk","E1W9B7"
"GO:0010468","rnk","E1W9B7"
"GO:0005840","rplI","E1WAS9"
"GO:0003723","rplI","E1WAS9"
"GO:0003735","rplI","E1WAS9"
"GO:0019843","rplI","E1WAS9"
"GO:0006412","rplI","E1WAS9"
"GO:0016787","rppH","E1WAP7"
"GO:0005840","rpsA","E1W712"
"GO:0003676","rpsA","E1W712"
"GO:0003723","rpsA","E1W712"
"GO:0003735","rpsA","E1W712"
"GO:0006412","rpsA","E1W712"
"GO:0003735","rpsF","E1WAS6"
"GO:0005840","rpsF","E1WAS6"
"GO:0019843","rpsF","E1WAS6"
"GO:0003723","rpsF","E1WAS6"
"GO:0006412","rpsF","E1WAS6"
"GO:0016787","sbcC","E1W8Q6"
"GO:0004518","sbcC","E1W8Q6"
"GO:0004518","sbcD","E1W8Q7"
"GO:0016787","sbcD","E1W8Q7"
"GO:0055114","sdhA","E1W9M7"
"GO:0008177","sdhA","E1W9M7"
"GO:0022900","sdhA","E1W9M7"
"GO:0016020","sdhA","E1W9M7"
"GO:0016491","sdhA","E1W9M7"
"GO:0050660","sdhA","E1W9M7"
"GO:0006099","sdhA","E1W9M7"
"GO:0005886","sdhA","E1W9M7"
"GO:0006099","sdhC","E1W9M5"
"GO:0000104","sdhC","E1W9M5"
"GO:0009055","sdhC","E1W9M5"
"GO:0016021","sdhC","E1W9M5"
"GO:0045281","sdhC","E1W9M5"
"GO:0016491","sdhC","E1W9M5"
"GO:0046872","sdhC","E1W9M5"
"GO:0016020","sdhC","E1W9M5"
"GO:0022900","sdhC","E1W9M5"
"GO:0005524","secA","E1W808"
"GO:0005886","secA","E1W808"
"GO:0046872","secA","E1W808"
"GO:0016020","secA","E1W808"
"GO:0000166","secA","E1W808"
"GO:0005737","secA","E1W808"
"GO:1903506","seqA","E1W9J1"
"GO:0003677","seqA","E1W9J1"
"GO:0005737","seqA","E1W9J1"
"GO:2000112","seqA","E1W9J1"
"GO:0008156","seqA","E1W9J1"
"GO:0032297","seqA","E1W9J1"
"GO:0010468","seqA","E1W9J1"
"GO:0003824","serC","E1W708"
"GO:0006564","serC","E1W708"
"GO:0008483","serC","E1W708"
"GO:0005737","serC","E1W708"
"GO:0016740","serC","E1W708"
"GO:0008615","serC","E1W708"
"GO:0008652","serC","E1W708"
"GO:0030170","serC","E1W708"
"GO:0006434","serS","E1W6Z5"
"GO:0000166","serS","E1W6Z5"
"GO:0006412","serS","E1W6Z5"
"GO:0004812","serS","E1W6Z5"
"GO:0097056","serS","E1W6Z5"
"GO:0005737","serS","E1W6Z5"
"GO:0016260","serS","E1W6Z5"
"GO:0006418","serS","E1W6Z5"
"GO:0016874","serS","E1W6Z5"
"GO:0005524","serS","E1W6Z5"
"GO:0003677","sfsA","E1W859"
"GO:0043565","sirC","E1WAB2"
"GO:0010468","sirC","E1WAB2"
"GO:1903506","sirC","E1WAB2"
"GO:0003677","sirC","E1WAB2"
"GO:2000112","sirC","E1WAB2"
"GO:0003700","sirC","E1WAB2"
"GO:0030001","sitA","E1WAA6"
"GO:0007155","sitA","E1WAA6"
"GO:0046872","sitA","E1WAA6"
"GO:0005215","sitA","E1WAA6"
"GO:0005215","sitB","E1WAA7"
"GO:0000166","sitB","E1WAA7"
"GO:0005524","sitB","E1WAA7"
"GO:0050131","solA","E1W7I9"
"GO:0050660","solA","E1W7I9"
"GO:0016491","solA","E1W7I9"
"GO:0055114","solA","E1W7I9"
"GO:0016831","speD","E1W837"
"GO:0006596","speD","E1W837"
"GO:0016829","speD","E1W837"
"GO:0008295","speD","E1W837"
"GO:0004014","speD","E1W837"
"GO:0006557","speD","E1W837"
"GO:0006596","speE","E1W838"
"GO:0008295","speE","E1W838"
"GO:0016740","speE","E1W838"
"GO:0005737","speE","E1W838"
"GO:0003824","speE","E1W838"
"GO:0004766","speE","E1W838"
"GO:0009289","stfA","E1W867"
"GO:0007155","stfA","E1W867"
"GO:0009289","stfF","E1W871"
"GO:0007155","stfF","E1W871"
"GO:0010468","stpA","E1WA48"
"GO:0046983","stpA","E1WA48"
"GO:0003677","stpA","E1WA48"
"GO:2000112","stpA","E1WA48"
"GO:1903506","stpA","E1WA48"
"GO:0055114","sucA","E1W9M9"
"GO:0016491","sucA","E1W9M9"
"GO:0004591","sucA","E1W9M9"
"GO:0006099","sucA","E1W9M9"
"GO:0030976","sucA","E1W9M9"
"GO:0046872","sucC","E1W9N1"
"GO:0006099","sucC","E1W9N1"
"GO:0005524","sucC","E1W9N1"
"GO:0016874","sucC","E1W9N1"
"GO:0003824","sucC","E1W9N1"
"GO:0000166","sucC","E1W9N1"
"GO:0000287","sucC","E1W9N1"
"GO:0016874","sucD","E1W9N2"
"GO:0000166","sucD","E1W9N2"
"GO:0006099","sucD","E1W9N2"
"GO:0048037","sucD","E1W9N2"
"GO:0003824","sucD","E1W9N2"
"GO:0000917","sulA","E1W7A3"
"GO:0007049","sulA","E1W7A3"
"GO:0051301","sulA","E1W7A3"
"GO:0009432","sulA","E1W7A3"
"GO:0051082","surA","E1W7W5"
"GO:0030288","surA","E1W7W5"
"GO:0042277","surA","E1W7W5"
"GO:0043165","surA","E1W7W5"
"GO:0042597","surA","E1W7W5"
"GO:0016853","surA","E1W7W5"
"GO:0006457","surA","E1W7W5"
"GO:0003755","surA","E1W7W5"
"GO:0060274","surA","E1W7W5"
"GO:0050821","surA","E1W7W5"
"GO:0005887","tatE","E1W9D3"
"GO:0008320","tatE","E1W9D3"
"GO:0005886","tatE","E1W9D3"
"GO:0016021","tatE","E1W9D3"
"GO:0033281","tatE","E1W9D3"
"GO:0016020","tatE","E1W9D3"
"GO:0016298","tesA","E1W914"
"GO:0006629","tesA","E1W914"
"GO:0006637","tesB","E1W8X4"
"GO:0003723","thiI","E1W8T5"
"GO:0009228","thiI","E1W8T5"
"GO:0005737","thiI","E1W8T5"
"GO:0052837","thiI","E1W8T5"
"GO:0016740","thiI","E1W8T5"
"GO:0009229","thiI","E1W8T5"
"GO:0005524","thiI","E1W8T5"
"GO:0016783","thiI","E1W8T5"
"GO:0000166","thiI","E1W8T5"
"GO:0000049","thiI","E1W8T5"
"GO:0055114","thrA","E1W7M5"
"GO:0000166","thrA","E1W7M5"
"GO:0016310","thrA","E1W7M5"
"GO:0005524","thrA","E1W7M5"
"GO:0009067","thrA","E1W7M5"
"GO:0016491","thrA","E1W7M5"
"GO:0006520","thrA","E1W7M5"
"GO:0016740","thrA","E1W7M5"
"GO:0004412","thrA","E1W7M5"
"GO:0008652","thrA","E1W7M5"
"GO:0050661","thrA","E1W7M5"
"GO:0009089","thrA","E1W7M5"
"GO:0016301","thrA","E1W7M5"
"GO:0009088","thrA","E1W7M5"
"GO:0005524","thrB","E1W7M6"
"GO:0009088","thrB","E1W7M6"
"GO:0008652","thrB","E1W7M6"
"GO:0016301","thrB","E1W7M6"
"GO:0016310","thrB","E1W7M6"
"GO:0006566","thrB","E1W7M6"
"GO:0005737","thrB","E1W7M6"
"GO:0000166","thrB","E1W7M6"
"GO:0016740","thrB","E1W7M6"
"GO:0030170","thrC","E1W7M7"
"GO:0006520","thrC","E1W7M7"
"GO:0005737","tig","E1W8V7"
"GO:0006457","tig","E1W8V7"
"GO:0016853","tig","E1W8V7"
"GO:0003755","tig","E1W8V7"
"GO:0007049","tig","E1W8V7"
"GO:0051301","tig","E1W8V7"
"GO:0106029","truD","E1WAH2"
"GO:0003723","truD","E1WAH2"
"GO:0016853","truD","E1WAH2"
"GO:0009982","truD","E1WAH2"
"GO:0055114","trxB","E1W6Z0"
"GO:0016491","trxB","E1W6Z0"
"GO:0005737","trxB","E1W6Z0"
"GO:0004791","trxB","E1W6Z0"
"GO:0019854","ulaG","E1WAR7"
"GO:0030145","ulaG","E1WAR7"
"GO:0016787","ulaG","E1WAR7"
"GO:0052689","ulaG","E1WAR7"
"GO:0005737","ulaG","E1WAR7"
"GO:0009432","uvrB","E1W9T6"
"GO:0003677","uvrB","E1W9T6"
"GO:0005737","uvrB","E1W9T6"
"GO:0009381","uvrB","E1W9T6"
"GO:0000166","uvrB","E1W9T6"
"GO:0016787","uvrB","E1W9T6"
"GO:0009380","uvrB","E1W9T6"
"GO:0005524","uvrB","E1W9T6"
"GO:0004518","uvrB","E1W9T6"
"GO:0016491","wrbA","E1W7F0"
"GO:0000166","wrbA","E1W7F0"
"GO:0051287","wrbA","E1W7F0"
"GO:0055114","wrbA","E1W7F0"
"GO:0003955","wrbA","E1W7F0"
"GO:0010181","wrbA","E1W7F0"
"GO:0050660","wrbA","E1W7F0"
"GO:0050661","wrbA","E1W7F0"
"GO:0016787","xseB","E1W8T4"
"GO:0004518","xseB","E1W8T4"
"GO:0008855","xseB","E1W8T4"
"GO:0006308","xseB","E1W8T4"
"GO:0009318","xseB","E1W8T4"
"GO:0005737","xseB","E1W8T4"
"GO:0016020","yajC","E1W8R7"
"GO:0016021","yajC","E1W8R7"
"GO:0005886","yajC","E1W8R7"
"GO:0003723","ybcJ","E1W948"
"GO:0016740","ybiB","E1W9V9"
"GO:0005886","ybjG","E1WA01"
"GO:0016021","ybjG","E1WA01"
"GO:0016020","ybjG","E1WA01"
"GO:0016787","yqaB","E1WA70"
